<?xml version="1.0" encoding="UTF-8"?>
<manifest>
  <remote fetch="ssh://gerrit.parrot.biz" name="gerrit" review="gerrit.parrot.biz"/>
  
  <default remote="gerrit" revision="master" sync-j="4"/>
  
  <project name="aftermarket/ARDroneSDK3/ARBuildUtils" path="packages/ARBuildUtils" revision="5c21ae32c73b652c0aa8c80f02d234f10e97112c"/>
  <project name="aftermarket/ARDroneSDK3/ARSDKBuildUtils" path="packages/ARSDKBuildUtils" revision="7b3de616eaab350b2d68f6e200a2c1c4b9e7d340"/>
  <project name="aftermarket/ARDroneSDK3/libARAcademy" path="packages/libARAcademy" revision="4980da229615b13bfe88812147decc756adf9b1b"/>
  <project name="aftermarket/ARDroneSDK3/libARAudio" path="packages/libARAudio" revision="2d31a5c1161b9d4f8dea63ac91a0f482e7883deb"/>
  <project name="aftermarket/ARDroneSDK3/libARCommands" path="packages/libARCommands" revision="3295484ed759d44c7f951a59185938505e7119e9"/>
  <project name="aftermarket/ARDroneSDK3/libARDiscovery" path="packages/libARDiscovery" revision="35f1de95da53a84ef907e8689a73b7a3b6ae5eec"/>
  <project name="aftermarket/ARDroneSDK3/libARMavlink" path="packages/libARMavlink" revision="f9ef553a97a312f0f6d3d836f94b3ed939a1b749"/>
  <project name="aftermarket/ARDroneSDK3/libARMedia" path="packages/libARMedia" revision="81e1a850c8fe307ac85807b94297c9c9020d1476"/>
  <project name="aftermarket/ARDroneSDK3/libARNetwork" path="packages/libARNetwork" revision="867e9c486ce4badb45044d6c59a2891707cee775"/>
  <project name="aftermarket/ARDroneSDK3/libARNetworkAL" path="packages/libARNetworkAL" revision="a4bad239f8741e5d0eb87ab9c8c30e3a118890bc"/>
  <project name="aftermarket/ARDroneSDK3/libARRoadPlan" path="packages/libARRoadPlan" revision="ccd9949c56e4582b841b849dfed26fa369ce8479"/>
  <project name="aftermarket/ARDroneSDK3/libARSAL" path="packages/libARSAL" revision="b019dbf5de1005976e04097d62524bb8c4727379"/>
  <project name="aftermarket/ARDroneSDK3/libARStream" path="packages/libARStream" revision="2b6243588aa7918b6d22a588139259e9aca5870c"/>
  <project name="aftermarket/Mykonos3/BLEproxy" path="packages/BLEproxy" revision="d29a5366f8e7b2e94e9ab0b5c7df3a31360f10e6"/>
  <project name="aftermarket/Mykonos3/Demos" path="packages/Demos" revision="8b570e98382518ab7863e0cccb048fd69231717e"/>
  <project name="aftermarket/Mykonos3/DragonProg" path="packages/DragonProg" revision="faadc8c12955f8dfa5f42f7e5ce3f812933f3666"/>
  <project name="aftermarket/Mykonos3/Mykonos3_BLDC" path="packages/Mykonos3_BLDC" revision="e673986dd5e1ea5e9346966c4ca46322152cc608"/>
  <project name="aftermarket/Mykonos3/Simulator" path="packages/Simulator" revision="95ee809055ea7eba6efdaa5d6da74234a949deb5"/>
  <project name="aftermarket/Mykonos3/Tools" path="packages/Tools" revision="8439d9b4ae5956bb445f45ee2263078b23f5a4fe"/>
  <project name="aftermarket/Mykonos3/libColibry" path="packages/libColibry" revision="b801a23e8146bae6a9d1126576b460f5be8e7b6f"/>
  <project name="aftermarket/Mykonos3/libConfig" path="packages/libConfig" revision="6068c5de1a1b09eb53e11ee2e113a15afcf3f77f"/>
  <project name="aftermarket/Mykonos3/libHAL" path="packages/libHAL" revision="7f351fd4f980069458791124b88a97c27da0f856"/>
  <project name="aftermarket/Mykonos3/libNavdata" path="packages/libNavdata" revision="d61c64495b68cc9074162a57495df984e465fa5e"/>
  <project name="aftermarket/Mykonos3/libVision2" path="packages/libVision2" revision="1dfd2bb7e51b22b25f44bd97d0f410ede754a85e"/>
  <project name="build/Alchemy" path="build/alchemy" revision="47ef2363adda0532cf07e58b366ca6d26db43efe"/>
  <project name="commonsoft/CKCM" path="packages/CKCM" revision="b8f9b0539ec2158d5a79bdfd2277d1b26387a858"/>
  <project name="commonsoft/Crypto" path="packages/Crypto" revision="80b25b3008cff5eecf141a7a9165cfc4f0a64f60"/>
  <project name="commonsoft/libplf" path="packages/libplf" revision="b1851796b08a818486f6eed976f6e59c8b33cd8f"/>
  <project name="commonsoft/tinyxml" path="packages/tinyxml" revision="90a530390e51aed8a66a569e8e3307b939967b2a"/>
  <project name="connectivity/Blues" path="packages/Blues" revision="ff3c662f2446a31e2f9c5eb186b16c2e65a5f55d"/>
  <project name="connectivity/Galileo" path="packages/Galileo" revision="5eb907d5cf14373aac87a7f60cad6b1df7858346"/>
  <project name="drones/arsdk-xml" path="packages/arsdk-xml" revision="5134a0396e35947ffd16c895ed453066566f3711"/>
  <project name="drones/avabye" path="packages/avabye" revision="87033609795bf606e5cb5fde87bab913eb6d6591"/>
  <project name="drones/delosd" path="packages/delosd" revision="1f390459143e68f5d064eac34ed21d8bb24f3588"/>
  <project name="drones/dragon1plus" path="products/dragon1plus" revision="f144be5970ce9a069129426979570793135a0b48"/>
  <project name="drones/dragon_base" path="products/dragon_base" revision="c1523656771a04031159d008bcc8b97cd15dd5c5"/>
  <project name="drones/dragon_build" path="build/dragon_build" revision="6a0bba44c391055db6fb9a7b821fa4a34b101f27">
    <linkfile dest="build.sh" src="root-build.sh"/>
    <linkfile dest="track-branch.sh" src="root-track-branch.sh"/>
  </project>
  <project name="drones/dragon_buildext_firmware" path="build/buildext_firmware" revision="5c5e13935861e3f57059139fca27ca2d1c02baf8"/>
  <project name="drones/external/eigen" path="packages/eigen" revision="3eaa2e3303f954291813dc288b595bc52bc8c24b"/>
  <project name="drones/external/iio/libiio" path="simulator/libiio" revision="fb9624e2ec37b3d6d7877566956b5ab324ef34f8"/>
  <project name="drones/external/libasio" path="simulator/libasio" revision="0f42dc2d01bafa22eb00e6a9053b2b47c2c05fb6"/>
  <project name="drones/external/libyaml" path="packages/libyaml" revision="3a8b60c68224fab79917cdabd9923ffac320fcef"/>
  <project name="drones/external/protobuf" path="packages/protobuf" revision="a1837303ff3c4f40c8bf42ecbde3f74bdacceba6"/>
  <project name="drones/external/websocketpp" path="simulator/websocketpp" revision="db3227fe48de5326f2d6e38f36ab170cd98636f3"/>
  <project name="drones/jpsumod" path="packages/jpsumod" revision="c87b35d8e6c454cf4b4a6af61ffb5e21172cb133"/>
  <project name="drones/ledd" path="packages/ledd" revision="a6627c97484b472dfd3257f53a657614bfec6fcc"/>
  <project name="drones/libat-tiny" path="packages/libat-tiny" revision="614e929d703872d9914ebef3fe69bde265a7ea39"/>
  <project name="drones/libdrone" path="packages/libdrone" revision="e4705e6605879b713849d3a39dab355beda1acdf"/>
  <project name="drones/libfutils" path="packages/libfutils" revision="38b26098da9f390b8e9c7045fb645d95e2083082"/>
  <project name="drones/libsecprop" path="packages/libsecprop" revision="9f7a668b57852b22b49635e9b92f94b7a8f1053e"/>
  <project name="drones/libshdata" path="packages/libshdata" revision="d37d3c0624cb8b2f22dc7014d67de75135278a89"/>
  <project name="drones/libshsettings" path="packages/libshsettings" revision="d4c01fcc7654f8863f0fb4c2914c1488a8f2a0b4"/>
  <project name="drones/libwhoami" path="packages/libwhoami" revision="b7a6598759d8c66e63693cfac96ec85ae265275b"/>
  <project name="drones/minidrones/accessory" path="packages/accessory" revision="ab6056ccca38aa89048713b098e56851b1080ccf"/>
  <project name="drones/minidrones/pinstrc/sip6dev" path="build/pinstrc/sip6dev" revision="59e2fbc51994c4f0c1a18e45ae2d14091c11c002"/>
  <project name="drones/minidrones/products/atmel" path="products/atmel" revision="8ec604949d6397ed355d4aa2bb9f62b4d4021c74"/>
  <project name="drones/minidrones/products/delos" path="products/delos" revision="fef0bb08a47287c8c8c83ebacfa1b1b59e6dd57a"/>
  <project name="drones/minidrones/products/jpsumo" path="products/jpsumo" revision="813f0396e7e27d020fcf8f11c248cb7b60edb07c"/>
  <project name="drones/minidrones/products/powerup" path="products/powerup" revision="29bf9401f0f9c0184d9c2b07727b88934643267a"/>
  <project name="drones/network-monitor-bcm43526b" path="packages/network-monitor-bcm43526b" revision="181ab8b1c54795313c2cd79a49a44e7d310ccfbc"/>
  <project name="drones/ssr" path="packages/ssr" revision="6fb3e1296a40ba790d40bc40feb6598d932197d8"/>
  <project name="drones/telemetry" path="packages/telemetry" revision="43e60e7e17371e3d279935654f8a65a911cd719e"/>
  <project name="drones/version_tools" path="build/version_tools" revision="4b76393bcf91c7f399af3aabd646d7c8bc1f4431"/>
  <project name="dsp/libdsp" path="packages/libdsp" revision="7eaabcf6dac150f0e3750cc83c5bd18eca46a535"/>
  <project name="dsp/lightsound" path="packages/lightsound" revision="3c3ebe87d6ef6e5c5854202954bcdfe4f386dbff"/>
  <project name="libmult/Soul" path="packages/Soul" revision="f7ccf5a7998d9f15ac01939e274f49b0edeefddb"/>
  <project name="os/PAL" path="packages/PAL" revision="dad370c7812c81c830bd969713540e4f859d523d"/>
  <project name="os/kernel/linux" path="packages/linux_p6" revision="6aedf2e9100beef9c31c8532942946aaff098db1"/>
  <project name="os/lucie_packages/drivers" path="packages/os/drivers" revision="4bb47ade16267ee8b5df15082e0c33d599e637ad"/>
  <project name="os/lucie_packages/parrot_libs" path="packages/parrot_libs" revision="90dc0e11171b1565a5f3b36291618ab4b59d1842"/>
  <project name="os/macgyver" path="packages/macgyver" revision="d43da83cc5623fdd0b0311b38bc6193b46123100"/>
  <project name="os/os_packages/debug" path="packages/debug" revision="fe90129c4b22cc7c4c12a17c1bd7ff1c5d94c7d6"/>
  <project name="os/os_packages/debug-parrot" path="packages/debug-parrot" revision="c49116a8a88d30df4afcd3e0d6dae68f344774db"/>
  <project name="os/os_packages/external" path="packages/external" revision="23a8453a1c605d4d89b560b420b2e7e601689847"/>
  <project name="os/os_packages/fsck_msdos" path="packages/fsck_msdos" revision="6ecf5b4b480767e2c02893313c1c710292d42644"/>
  <project name="os/os_packages/fusion" path="simulator/fusion" revision="b49ca57348299fdfbba8f1aaa882863dac63d5d4"/>
  <project name="os/os_packages/libmtp_server" path="packages/libmtp_server" revision="8dc81a98b542a28a093eb22c73f442637b8e8135"/>
  <project name="os/os_packages/libnl" path="packages/os/os_packages/libnl" revision="7e067ff08f56513fc8619b42e39eeeace78109e3"/>
  <project name="os/os_packages/libpac" path="packages/libpac" revision="fc9b1d67b157621a6acd0532c6edf6a8335608af"/>
  <project name="os/os_packages/libxml2" path="simulator/libxml2" revision="f6a2970e2fded632a24059631e71a5bf2ba5fdc8"/>
  <project name="os/os_packages/ltt" path="packages/ltt" revision="6355b17218fb8c97bd9769befd49f215e0e96747"/>
  <project name="os/os_packages/media-ctl" path="packages/media-ctl" revision="af81d277c046a75b3b902e34a5e24b6d2cdb45be"/>
  <project name="os/os_packages/udev" path="packages/udev" revision="318ada230386d2cf0fac7613d2bba0945ee2feb5"/>
  <project name="os/os_packages/ujuba" path="packages/ujuba" revision="4badf6332d919ded33cd6add1a8cb9cff1daecf0"/>
  <project name="os/os_packages/yavta" path="packages/yavta" revision="61153378a69e965740fa6062cfeeb8c3498f4ef2"/>
  <project name="os/p7/libisp" path="packages/libisp" revision="5974f48cb49d1a242802464eebef0958005eaebc"/>
  <project name="os/p7/venc" path="packages/p7venc" revision="318e133b4ad3dfd1b644c40bb0651d92c037f353"/>
  <project name="os/parrotdb" path="packages/parrotdb" revision="919b8bfc6209f70a2cea26b9cfe56adf5cdd9cf5"/>
  <project name="pulsar/adb" path="packages/adb" revision="c9d3ae302bee179c9c591e85c30df436a500f26a"/>
  <project name="pulsar/boxinit" path="packages/boxinit" revision="33b6e6c8ea3027ffb70bb8cf0eff20eccac45d67"/>
  <project name="pulsar/crashdump" path="packages/crashdump" revision="3a960e8bac45f4039cd1e90ce103736413099f51"/>
  <project name="pulsar/libcorkscrew" path="packages/libcorkscrew" revision="71e114f32665bfd385562ea312c180b0d260fc78"/>
  <project name="pulsar/libpomp" path="packages/libpomp" revision="c1efaa9fe9158a2afed5e8a32ed9ad4f72a6e90d"/>
  <project name="pulsar/libputils" path="packages/libputils" revision="bcd51b01d8e23aaf5880c42b2b4d83062560095b"/>
  <project name="pulsar/ulog" path="packages/ulog" revision="7171a5cbbe524311b16540c7fde1383964e6ae63"/>
  <project name="raptor/hardware/libhardware" path="packages/libhardware" revision="d8b280a32c17d351ed70b33aa85a35923dbc4cbc"/>
  <project name="raptor/hardware/parrot/eRide_aiding" path="packages/eRide_aiding" revision="0a7e3fbd0b5aeb49b7bc0fba84a7d1e9845ac51f"/>
  <project name="raptor/hardware/parrot/libgps" path="packages/libgps" revision="aadded122c472de746f7622b1bdf1cd55803e172"/>
  <project name="sphinx/fakeHAL" path="simulator/fakeHAL" revision="b31cc931536f231036feff231763a1206651378a"/>
  <project name="sphinx/libglhelper" path="simulator/libglhelper" revision="e2f356ae59d441513962f4552e215c981a0d7dab"/>
  <project name="sphinx/libiio-simulator-plugin" path="simulator/libiio-simulator-plugin" revision="265f087e38ff66a2227794a8c8214ad5e65d059a"/>
  <project name="sphinx/models/delos" path="simulator/models/delos" revision="9e161c6723a647869b84f176089cd1933924c0b6"/>
  <project name="sphinx/models/delos3" path="simulator/models/delos3" revision="012055bb8810973b49ccbacf1453a0379febfae0"/>
  <project name="sphinx/models/wingx" path="simulator/models/wingx" revision="a4279cffc2fa6cfb062754cea207ea301f3464e6"/>
  <project name="sphinx/sdformat" path="simulator/sdformat" revision="fd7fef95716c9cc284a94513d7d104b4e2f3b60a"/>
  <project name="sphinx/web_gndctrl" path="simulator/web_gndctrl" revision="1da2317b9de66b1bb4834292d71efecfe2053569"/>
  <project name="tools/pinst_tools" path="build/pinst_tools" revision="96bc6a1eedae65c5574ad7ef297084d5563c9bdd"/>
  <project name="tools/plf" path="packages/plf" revision="6892c5caabbd75285a91204e27ff6274bce7ba01"/>
  <project name="tools/police" path="build/police" revision="752fb5e8ec669b4243a519269df4fe110e3e8269"/>
</manifest>
